이름,page,핵심 재료 및 음식,비고
가람 마살라,168,"인도 음식 ",
가리비,309,"**버터, **마늘, **레몬, **라임, **식용유, **파슬리, **후추, **소금, **샬롯, **타임, **식초, **드라이 화이트 와인, *아보카도, *베이컨 및 염장 고기, *피망, *당근, *카이옌 페퍼, *처빌, *고추, *차이브, *고수 잎, *옥수수, *크림, *에다마메, *생강, *리크, *버섯, *양파, *대파, *시금치, *육수, *토마토, *베르무트",
가오리(skate),318,"**케이퍼, **레몬, **식용유, **올리브오일, **식초, *버터, *조개, *마늘, *양파, *파슬리, *후추, *세이지, *소금, *와인",
가을 음식,53,"*사과, *피망 및 파프리카, *브로콜리, *콜리플라워, *가지, *마화과, *허클베리, *버섯, *오크라, *배, *감, *석류, *모과, *호박",
가지,152,"**치즈, **마늘, **레몬, **올리브 오일, **양파, **파슬리, **후추, **소금, **토마토, **식초, *앤초비, *바질, *피망, *빵가루, *고추, *고수 잎, *시나몬, *생강, *미소, *올리브, *로즈마리, *참깨 및 참기름, *간장, *타히니, *타임, *요거트, *주키니",
간장,324,"*생강, *꿀",
갈색 양송이(cremini) 버섯,226,,
감,263,"*브랜디, *시나몬, *크림 및 아이스크림, *포도, *헤이즐넛, *꿀, *레몬, *헤이즐넛 오일, *오렌지, *피칸, *석류, *샐러드, *소금, *바닐라, *호두",
감귤류(시트러스),130,,
감자,276,"**월계수 잎, **돼지고기, **버터, **치즈, **차이브, **크림, **마늘, **리크, **식용유, **양파, **후추, **로즈마리, **소금, **스테이크, **육수, **타임, *베이컨, *셀러리 뿌리, *닭, *크렘 프레슈, *달걀, *마요네즈, *버섯, *머스터드, *넛멕, *올리브 오일, *파슬리, *파스닙, *세이지, *샬롯, *소렐, *사워 크림, *토마토, *블랙 트러플, *와인 식초, *드라이 화이트 와인, *요거트",
감칠맛,355,,
갑각류,314,"**레몬, *자몽, *오렌지",
강낭콩(flageolet bean),65,"***양고기, **파슬리, **세이보리, *마늘, *양파, *샬롯, *수프, *타임, *토마토",
강낭콩(kidney bean),66,"**파슬리, **세이보리, *월계수 잎, *마늘, *양파",
강낭콩(navy bean),67,"**양파, **세이보리, *베이컨, *케첩, *머스터드, *당밀, *소금, *설탕",
강낭콩(white bean),67,"**마늘, **땅콩 기름, **올리브 오일, **양파, **파슬리, **후추, **소금, **세이보리, *월계수 잎, *파마산 치즈, *로즈마리, *타임, *식초",
강황,354,"***커리 잎 및 파우더, *닭, *생선, *인도 음식, *모로코 음식, *머스터드, *겨자 씨, *쌀, *태국 음식",
건포도,286,"**럼, *아몬드 *시리얼, *오트밀, *디저트, *생강, *레몬, *견과류, *오렌지, *설탕, *바닐라, *호두, *와인,",
게,139,"***아보카도, **차이브, **레몬, **마요네즈, **식용유, **양파, **파슬리, **후추, **소금, **새우, **토마토, *바질, *피망, *무염 버터, *카이옌 페퍼, *고추, *고수 잎, *크림, *마늘, *생강, *자몽, *라임 *디종 머스터드, *올리브 오일 *, 올드 베이 시즈닝, *샬롯, *타바스코 소스, *타라곤, *식초",
게르치(blue fish),84,,
겨울 스쿼시,331,"**사과, **버터, **마늘, **넛멕, **양파, **세이지, **황설탕, **타임, *올스파이스, *베이컨, *치즈, *정향, *고수 씨, *크림, *큐민, *생강, *메이플 시럽, *올리브 오일, *파슬리, *파스타, *로즈마리, *육수",
겨울 음식,371,"*방울 양배추, *양배추, *자몽, *레몬, *라임, *오렌지, *감자, *뿌리 채소",
"겨자 잎 ",175,,
고구마,340,"**버터, **시나몬, **넛멕, **오렌지, **황설탕, *올스파이스, *사과, *월계수 잎, *버번, *고추, *고수 잎, *크림, *마늘, *생강, *꿀, *라임 주스, *메이플 시럽, *당밀, *견과류 기름, *올리브 오일, *양파, *파슬리, *피칸 ,*후추, *럼, *소금, *타임, *호두",
고급 식재료,209,,
고등어,210,"**레몬, **식용유, ** 후추, **식초, *차이브, *마늘, *생강, *레몬 타임, *디종 머스터드, *올리브 오일, *양파, *파슬리, *소금, *대파, *샬롯, *타임, *드라이 화이트 와인",
고베규,70,,
고사리(fiddlehead fern),160,"**버섯, *버터, *치즈, *양파, *파스타, *비네그릿, *와인 식초",
고수 씨,136,"*닭, *고추, *감귤류, *게, *큐민, *커리, *생선, *마늘, *렌틸 콩, *후추, *돼지고기",
고수 잎,129,"**고추, **인도 음식, **멕시코 음식, **살사 소스, *아시아 음식, *아보카도, *닭, *코코넛 및 코코넛 밀크, *흰살 생선, *마늘, *생강, *레몬 주스, *레몬그라스, *라임 주스, *민트, *쌀, *샐러드, *태국 음식, *토마토, *요거트","일본 음식에는 사용하지 않는다고 한다  "
고추,120,"***태국 음식, ***멕시코 음식, **콩, **고수 잎, **커리, **마늘, **생강, **라임 주스, *코코넛 및 코코넛 밀크, *옥수수, *피쉬 소스, *인도 음식, *레몬그라스, *양파, *쌀, *토마토, *와인 식초",
고추(구아질로),121,,
고추(삐멍 데스쁠레뜨),121,,프랑스 고추
고추(세라노),122,,
고추(안초),121,*몰레 소스,멕시코의 말린 포블라노 고추
고추(애너하임),121,,
고추(치폴레),121,"*닭, *고추, *고수 잎, *멕시코 음식, *파프리카, *샐러드, *소스, *수프, *스튜, *토마토, *식초",
고추(파실라),121,*몰레 소스,
고추(포블라노),121,"*치폴레 고추, *레예노 고추, *옥수수",
고추(하바네로),121,,
고추(할라피뇨),121,"*샐러드, *소스",
고추장(chili paste),122,,
고춧가루,122,,
곡물 가루(grit),176,"*크림, *마늘, *소금, *새우",
과일,167,"**설탕, *바닐라",
과일 식초,364,,"피해야 할 재료 : 치즈, 달걀"
광어(halibut),177,"**마늘, **식용유, **파슬리, **레몬, **샬롯, **와인, *아티초크, *아스파라거스, *바질, *무염 버터, *카이옌 페퍼, *셀러리, *셀러리 뿌리, *처빌, *차이브, *고수 잎, *고수 씨, *펜넬, *생강, *리크, *라임 주스, *버섯, *올리브 오일, *양파, *후추, *토마토, *로즈마리, *소금, *육수, *타임, *토마토, *와인 식초 ",
구아바,176,"**바나나, *코코넛, *크림치즈, *꿀, *레몬, *라임 주스, *오렌지, *딸기, *설탕, *바닐라",
구운 음식,282,,
굴,245,"**크림, **리크, **레몬, **식용유, **후추, **샬롯, **소금, **샴페인 식초, *드라이 화이트 와인, *버터, *캐비어, *카이옌 페퍼, *처빌, *차이브, *고수 잎, *마늘, *호스래디시, *올리브 오일, *파슬리, *감자, *시금치, *육수, *타임, *토마토",피해야 할 재료 : 타라곤
귤,244,"*레몬 주스, *초콜릿, *크림 및 아이스크릿, *설탕",
그리스 음식,173,"**치즈, **마늘, *양고기, *레몬, **올리브 오일, *시나몬, *가지, *오레가노, *토마토",
그린 페퍼콘,261,"*닭, *마늘, *육류, *파테, *화이트 소스, *해산물",
그린빈,65,"**바질, **치즈, **땅콩 기름, **참기름, **올리브 오일, **양파, **파슬리, **세이보리, **토마토, **식초, *아몬드, *베이컨, *버터, *뷰킨, *딜, *마늘, *생강, *세라노 햄, *올리브, *감자, *소금, *타라곤, *타임, *샬롯",
그릴 요리,175,,
근대,101,"***마늘, *무염 버터, *땅콩 기름, *양파, *소금",
금귤(kumquat),191,"**샐러드, *닭, *초콜릿, *처트니, *크랜베리, *오리, *생선, *생강, *레몬 주스, *오렌지, *파파야, *럼",
까베르네 소비뇽,91,*양고기,
꽃등심 스테이크(rib eye),75,,
꿀,182,"**크림 및 아이스크림, **레몬, **라임, *오렌지, **설탕, **견과류, **바닐라, *아몬드, *살구, *바나나, *밤, *닭, *시나몬, *말린 무화과, *생강, *헤이즐넛, *마스카포네, *머스터드, *넛멕, 피스타치오, *건포도, *간장 *호두,",
꿩,264,"**감자, **타임, **마늘, *사과, *베이컨, *사보이 양배추, *밤, *크림, *레몬, *버섯",
"넙치, 가자미(turbot)",352,"*버터, *레몬, *파슬리, *후추, *소금, *육수",
넛멕,232,"**치즈, **크림, **디저트, **달걀 노른자, **메이스, **쌀, **시금치, *닭, *사과, *시나몬, *정향, *커스터드, *과일, *생강, *인도 음식, *이탈리아 음식, *양고기, *버섯, *파스타, *감자, *푸딩, *호박, *스쿼시, *송아지",
녹색 채소,174,"**치즈, **올리브 오일, **마늘, **와인 식초, *베이컨, *칠리소스, *양파, *감자 ",
농어(sea bass),60,"**버터, **버섯, **소금, **후추, **토마토, **셰리 및 와인 식초, *베이컨, *월계수 잎, *피망 및 파프리카, *당근, *처빌, *고수 잎, *고수 씨, *펜넬, *마늘, *리크, *레몬, *라임, *마조람, *민트, *양파, *파슬리, *참기름, *샬롯, *새우, *간장, *시금치, *육수, *타임, *베르무트, *화이트 와인 ",
누에콩(snap pea),319,"*당근, *처빌, *세이지, *참기름, *참깨",
다이콘 무,147,"*당근, *양파",
단맛,339,"*꿀, *메이플 시럽, *설탕, *당밀, *미림",
달걀,154,"*아스파라거스, *치즈, *후추, *감자, *소금, *시금치",피해야 할 재료 : 크랜베리
달걀찜(프리타타),155,"*바질, *치즈, *이탈리아 음식, *버섯, *토마토",
닭,115,"**바질, **월계수 잎, **무염 버터, **당근, **시나몬, **마늘, **생강, **식용유, **땅콩 기름, **올리브 오일, **올리브, **양파, **파슬리, **후추, **레몬, **버섯, **로즈마리, **육수, **타라곤, **타임, **발사믹 식초, **드라이 와인, *베이컨, *치즈, *고추, *고수 잎, *크림, *크렘 프레슈, *커리 파우더, *꿀, *리크, *마요네즈, *머스터드, *파프리카, *감자, *샬롯",
닭 간,205,"**양파, *마늘, *파슬리",
당근,95,"**버터, **생강, **메이플 시럽, **오렌지 주스, **레몬, **설탕, *파슬리, *처빌, *고추, *시나몬, *고수 씨, *큐민, *딜, *꿀, *민트, *올리브 오일, *파스닙, *소금, *타라곤, *타임",
당밀,222,"*바베큐 소스, *베이크드 빈스, *생강, *진저브레드",
대구(cod),133,"**버터, **파슬리, **감자, **식초, *앤초비, *바질, *월계수잎, *콩, *당근, *카이옌 페퍼, *셀러리, *마늘, *차이브, *크림, *레몬 주스, *버섯, *올리브오일, *양파, *후추, *사프론, *소금, *타임, *토마토, *와인",
대추야자,147,"**치즈, **파마산, **오렌지, *아몬드, *초콜릿, *크림 및 아이스크림, *크림치즈, *메이플 시럽, *마스카포네, *견과류, *피스타치오, *설탕, *호두",
대파,308,"*버터, *크림, *올리브오일, *파슬리, *타임",
더울 때 먹는 음식,184,,
더울 때 먹는 음식,136,,
도다리,164,"*레몬, *양파, *화이트 와인",
도미(snapper),319,"**레몬, **식용유, **올리브 오일, **소금, **마늘, *월계수 잎, *피망, *고추, *차이브, *리크, *양파, *오렌지, *파슬리, *후추, *감자, *샬롯",
독일 음식,169,"*캐러웨이 씨, *딜, *딜 씨 ",
동남아 음식,324,*피쉬 소스,
동부콩,83,"**콜라드 그린, **돼지 뒷다리 햄, *양파, *후추, *미국 남부 음식",
동유럽 음식,151,"*파프리카, *사워 크림",
돼지고기,272,"***후추, **사과, **마늘, **레몬, **식용유, **양파, **오렌지, **로즈마리, *타임, **식초, *베이컨, *월계수 잎, *버터, *양배추, *고추, *시나몬, *정향, *큐민, *펜넬, *생강, *꿀, *라임 주스, *민트, *디종 머스터드, *올리브 오일, *오레가노, *파프리카, *파슬리, *배, *프룬, *세이지, *사우어크라우트, *샬롯, *사워 크림, *간장, *팔각, *육수, *설탕, *토마토, *강황, *와인",
돼지고기(갈빗살),275,"*고춧가루, *큐민, *마늘, *당밀, *디종 머스터드, *양파, *소금",rib
돼지고기(뱃살),274,"**사과, **세이지, *마늘, *잎채소, *머스터드, *양파, *사우어크라우트, *설탕, *식초",belly
돼지고기(안심),276,"*올리브 오일, *양파, *로즈마리, *세이지",tenderloin
돼지고기(어깨살),275,"**마늘, *월계수 잎, *고추, *생강, *레몬, *세이지, *타임",shoulder
돼지고기(허릿살),275,"*고수 잎, *생강, *머스터드, *겨자 씨, *로즈마리, *세이지",loin
두부,346,"*일본 음식, *참기름 및 참깨",
딜,148,"**피클, **오이, **달걀, *생선, **감자, **토마토, **요거트, *비트, *양배추, *당근, *고수 잎, *파슬리, *샐러드 및 드레싱, *연어 및 훈제연어",
딸기,333,"***크림 및 아이스크림, ***설탕, ***발사믹 식초, ***루바브, **키르슈, **레몬, **그랑 마르니에, **오렌지, **라즈베리, **사워 크림, **바닐라, **와인, *아몬드, *바나나, *블랙베리, *블루베리, *샴페인, *치즈, *시나몬, *크렘 프레슈, *커스터드, *꿀, *라임, *마스카포네, *멜론, *민트, *복숭아, *후추, *파인애플, *포트 와인, *셰리 ",피해야 할 재료 : 소금
땅콩 기름,237,,
땅콩 및 땅콩 버터,255,"**바나나, **초콜릿, *디저트, *식용유, *올리브 오일, *소금, *소스, *설탕, *태국 음식, *베트남 음식",
떫은맛,52,"*커피, *파프리카, *패이스트리",
라디치오,285,"**치즈, **올리브 오일, **이탈리아 음식, **소금, **발사믹 식초, *엔다이브, *마늘, *디종 머스터드, *양파, *후추, *프로슈토, *샐러드",
라벤더,196,"**닭, **크림 및 아이스크림, **꿀, **양고기, *제과및 제빵,  *체리, 커스터드, *오리, *과일, *야생 조류, *레몬, *육류, *오렌지, *복숭아, *자두, 감자, *토끼고기, *라즈베리, *로즈마리, *세이보리, *설탕, *타임, *식초, *호두",
라임,204,"*아보카도, *딸기, *카라멜, *고추, *고수 잎, *코코넛 및 코코넛 밀크, *생선, *과일, *꿀, *생강, *레몬그라스, *망고, *마카다미아, *멕시코 음식, *민트, *파파야, *설탕",
라즈베리,287,"**화이트 초콜릿, **다크 초콜릿, **크림, **아이스크림, **레몬, **설탕, **바닐라, *아몬드, *블랙베리, *블루베리, *샴페인, *커스터드, *프랑부아즈 리큐어, *그랑 마르니에 리큐어, *키르슈, *머랭, *민트, *천도 복숭아, *오렌지, *복숭아, *딸기, *요거트 ",다크 초콜릿과 어울리지 않는다는 사람도 있음
라즈베리 꿀,183,체다치즈,
라틴 아메리카 음식,195,소고기,
랍스터,206,"**무염 버터, **마늘, **레몬, **식용유, **소금, **토마토, **식초, **와인, *아보카도, *바질, *월계수 잎, *당근, *캐비어, *카이옌 페퍼, *셀러리, *처빌, *고수 잎 , *코코넛 및 코코넛 밀크, *코냑, *옥수수, *크림, *커리, *펜넬, *생강, *리크, *레몬그라스, *라임, *마요네즈, *버섯, *올리브 오일, *양파, *오렌지, *파슬리, *완두콩, *대파, *쌀, *후추, *파인애플, *토마토, *샬롯, *간장, *육수, *타라곤, *바닐라",
러비지,208,"*옥수수, *생선, *돼지고기, *감자, *시금치, *토마토",
러시아 음식,295,"*비트, *캐비어, *사워 크림",
러시아 음식,169,,
럼,294,"**레몬 주스, **라임 주스, **오렌지 주스, **향신료, **황설탕, *바난, *버터, *카리브해음식, *콜라, *코코넛, *생강, *그레나딘(석류 시럽), *민트, *건포도  ",
레드 빈,67,"**파슬리, **세이보리",
레드 와인 식초,364,"*찬 음식, *녹색 채소, *마리네이드, *견과류 기름, *올리브 오일, *샐러드",
레몬,197,"**생선, **마늘, **꿀, **갑각류, **설탕, *아몬드, *바질, *블랙베리, *블루베리, *케이버, *치즈, *닭, *코코넛, *그리스 음식, *양고기, *민트, *견과류, *오렌지, *피스타치오, *양귀비 씨, *라즈베리, *로즈마리, *타임, *바닐라, *송아지",
레몬 바질,200,,
레몬 바질,59,*태국 음식,
레몬 밤,200,,
레몬 버베나,201,,
레몬 타임,200,"*당근, *과일, *샐러드, *해산물, *송아지",
레몬그라스,200,"**생선, **갑각류, **태국 음식, *닭, *고추, *고수 잎, *코코넛 및 코코넛 밀크, *게, *커리, *마늘, *인도네시아 음식, *랍스터, *돼지고기, *샐러드 및 드레싱, *샬롯, *새우, *수프, *스튜",
렌틸 콩,201,"**월계수 잎, **당근, **셀러리, **마늘, **식용유, **양파, **파슬리, **연어, **소금, **닭 육수, **와인 식초, *베이컨, *무염 버터, *큐민, *리크, *올리브 오일, *돼지고기, *샬롯, *소시지, *소렐, *타임, *토마토",
로스트 비프,71,,
로즈마리,293,"***마늘, ***양고기, **콩, **생선, **육류, **올리브 오일, *양파, *돼지고기, **감자, **토마토, *피망, *부케 가르니, *빵, *버터, *양배추, *닭, *오리, *달걀, *가지, *프랑스 음식, *야생 토끼, *그릴 요리, *이탈리아 음식, *라벤더, *레몬, *마조람, *지중해 음식, *버섯, *오렌지, *파슬리, *완두콩, *가금류, *구운고기, *세이지, *소스, *세이보리, *새우, *수프, *스튜, *황새치, *타임, *참치, *와인 ","피해야 할 재료 : 옥수수, 중동 음식, 샐러드"
루바브,288,"***딸기, **안젤리카, **크림 및 아이스크림, **생강, **바닐라, *설탕, *무염 버터, *카라멜, *시나몬, *클메 프레슈, *생선, *레몬, *오렌지 주스, *라즈베리",
리마 콩,66,"**파슬리, *버터, *고수 잎, *마늘, *허브, *레몬 주스, *세이지",
리슬링 와인,282,,독일 화이트 와인 품종
리치,209,"*코코넛 및 코코넛 밀크, *생강, *라임 주스, *오렌지 및 귤, *라즈베리, *럼, *설탕",
리크,196,"*무염 버터, *치즈, *닭, *차이브, *크림,  *달걀, *생선, *머스터드, *식용유, *올리브 오일, *오레가노, *후추, *감자, *소금, *육수, *타라곤, *타임, *비네그릿, *와인",
마늘,168,"**레몬, **올리브 오일, **토마토, **와인 식초, *바질, *파마산 치즈, *닭, *양고기, *육류, *버섯, *머스터드, *양파, *소금",
마르멜로(quince),283,"***사과, ***배, **치즈, *시나몬, *생강, *꿀, *레몬 주스, *메이플시럽, *설탕, *바닐라",quince는 모과를 의미하기도 함
마쉬(mache),210,"*사과, *염소젖 치즈, *레몬 주스, *호두, *와인 식초",잎채소
마스카포네,215,"*블루베리, *다크 초콜릿, *크림, *무화과, *이탈리아 음식, *레몬, *메이플 시럽, *딸기, *설탕, *바닐라",
마조람,214,"**샐러드, *바질, *치즈, *닭, *달걀, *생선, *레몬 주스, *육류, *버섯, *오레가노, *파슬리, *파스타, *감자, *로즈마리, *스프, *시금치, *스쿼시, *스터프, *타임, *토마토",
마카다미아,209,"*초콜릿, *디저트",
마카다미아 오일,236,,
마크루트 라임(카피르 라임),189,"**태국 음식, *고추, *생강, *인도 음식, *돼지고기, *강황",
마히 마히,211,,생선(만새기)
말린 과일,167,,
말린 다랑어(bonito),84,,
말린 무화과,161,"**꿀, **오렌지, **호두, **레드와인, *아니스 씨, *브랜디, *치즈, *시나몬, *레몬, *대추야자, *피스타치오, *건포도(노란색)",
말린 자두(프룬),269,"***아르마냑, **호두, **와인, *브랜디, *시나몬, *코냑, *크림 및 아이스크림, *크렘 프레슈, *꿀, *레몬 제스트, *오렌지 제스트, *돼지고기, *설탕, *바닐라",
망고,212,"**바나나, **고추, **코코넛 및 코코넛 밀크, **라임, **양파, **오렌지, **설탕, **럼, *고수 잎, *크림, *생강, *키르슈, *레몬, *민트, *파파야, *패션 프루트, *파인 애플, *돼지고기, *라즈베리, *소금, *소테른, *갑각류","피해야 할 재료 : 간장, 와사비"
매콤한 맛(piquancy),267,,
맥아 식초,364,,피해야 할 음식 : 소스
맥아(malt),211,"*초콜릿, *크림 및 아이스크림, *바닐라",
맥주,77,,
머스터드,230,"*소고기, *양배추, *치즈, *크림 및 사워 크림, *오이, *큐민, *염장 고기, *생선, *과일, *햄, *꿀, *양고기, *육류, *양파, *후추, *돼지고기, *감자, *샐러드 및 드레싱, *연어, *소시지, *식초",
메기(catfish),97,"*레몬 주스, *식용유, *후추, *소금, *토마토",
메를로,217,,와인용 포도 품종
메이스,210,"**넛멕, *치즈, *닭, *크림, *생선, *육류, *페이스트리, *소스, *갑각류, *수프 및 콘소메, *송아지",
메이어 레몬,199,,
메이플 시럽,213,"**바나나, **블루베리, **배, **피칸, **호두, *마스카포네, *견과류, *호박, *럼, *설탕",피해야 할 재료 : 흑설탕
멕시코 음식,217,"***고추, *콩, *옥수수",
멜론,216,"**레몬, **라임, **민트, **프로슈토, *샴페인, *고수 잎, *생강, *오렌지, *후추, *포트 와인, *라즈베리, *샐러드, *딸기, *바닐라, *스위트 와인, *요거트",
모렐 버섯,226,"**아스파라거스, **버터, **크림, **마늘, **후추, **소금, *캐러웨이 씨, *양고기, *땅콩 기름, *올리브 오일, *샬롯, *육수",
모로코 음식,223,"**레몬, *라스 알 하누트(모로코 향신료 믹스)",
무(radish),285,"**버터, **소금, **식초, *처빌, *크림 치즈, *레몬, *민트, *파슬리, *후추, *대파",
무화과,161,"**아몬드, **치즈, **크림 및 아이스크림, **꿀, **오렌지, **바닐라, **발사믹 식초, **호두, **라즈베리, **설탕, *아니스, *시나몬, *레몬, *라임 주스, *마스카포네, *포도씨유, *올리브 오일, *프로슈토,",
문어,235,,
물냉이(watercress),368,"**식용유, **올리브 오일, **육수, *무염 버터, *치즈, *크림, *오이, *리크, *엔다이브, *마스카포네, *양파, *파슬리, *후추, *감자, *소금, *식초",
물밤,368,,
미국 음식(남부),324,,
미국 음식(남서부),324,*콩),
미르푸아,221,"*프랑스 음식, *양파, *당근, *셀러리",
미소,221,"*굴, *사케",
민들레 잎,175,,
민트,219,"***양고기, **콩류, **초콜릿, **크림 및 아이스크림, **오이, **과일, **샐러드, **설탕, **요거트, *바질, *당근, *치즈, *디저트, *가지, *생선, *생강, *인도 음식, *레몬, *지중해 음식, *멜론, *모로코 음식, *중동 음식, *완두콩, *감자, *타불리(중동 샐러드), *차, *토마토, *채소",피해야 할 재료 : 오레가노
민트(건조),220,,
바나나,56,"**카라멜, **초콜릿, **코코넛 및 코코넛 밀크, **크림 및 아이스크림, **레몬 주스, **럼, **설탕, *브루베리, *무염 버터, *칼바도스, *코냑, *생강, *꿀, *키르슈, *라임 주스, *마카다미아, *망고, *메이플 시럽, *오렌지, *파파야, *파인애플, *바닐라, *호두",
바뉠스 식초,362,"*오리, *견과류 기름, *샐러드 ",banyuls : 레드 와인
바닐라,355,"***아이스크림, **제과 및 제빵, **초콜릿, **커피, **크림 및 아이스크림, **디저트, **설탕, *음료, *시나몬, *정향, *커스터드, *달걀, *과일, *레몬, *차",
바질,58,"***토마토, ***마늘, **치즈, *달걀 및 달걀 요리, **이탈리아 음식 **올리브 오일, **파스타, **페스토, **주키니, *구운 붉은 파프리카, *치킨, *가지, *익힌 생선, *양고기, *레몬 주스, *육류, *민트,  *지중해 음식, *오레가노, *피자, *샐러드 및 드레싱, *연어, *소금, *조개, *수프, *태국 음식, *식초, *수박",피해야 할 재료 : 타라곤
"발사믹 식초 ",362,"***딸기, ***토마토, **샐러드, *브라운 버터, *이탈리아 음식, *육류, *디종 머스터드, *겨자씨, *양파, *채소",
밤,114,"**사과, **크림 및 우유, **닭 육수, *방울 양배추, *무염 버터, *펜넬, *펜넬 씨, *밤 꿀, *레몬 주스, *버섯, *양파, *고추, *럼, *소금, *가금류 스터프, *설탕, *바닐라",피해야 할 재료 : 베리류
밤 꿀,183,치즈,
방울 양배추,87,"**베이컨, **버터, **치즈, **식초, *밤, *크림, *마늘, *레몬주스, *올리브 오일, *판체타, *파슬리, *소금, *후추, *타임 ",
배,256,"**아몬드, **버터, **카라멜, **치즈, **초콜릿, **시나몬, **정향, **꿀 **레몬, **마스카포네, **설탕, **바닐라, **식초, **호두, **와인, *올스파이스, **사과, *크랜디, *밤, *크랜베리, *크림및 아이스크림, *크렘 프레슈, *크렘 앙글레즈, *커스터드, *오리, *엔다이브, *무화고, *생강, *헤이즐넛, *메이플 시럽, *민트, *넛멕, *카놀라유, *배 브랜디, *피칸, *후추, *견과류, *포트 와인, *피스타치오, *돼지고기, *포아르 윌리엄 리큐어, *건포도, *라즈베리, *로즈마리, *샐러드, *소금, *사워 크림, *팔각, *물냉이",
배스,59,"*펜넬, *오렌지, *파슬리, *후추, *타라곤, *서대기",
배추,89,,
백후추,262,"*생선, *흰색 음식",
버번,84,"**레몬 주스, **설탕, *비터스, *크림, *미국 북부 음식, *베르무트",
버섯,224,"***마늘, **버터, **크림, **식용유, **올리브 오일, **파슬리 , **후추, **소금, **샬롯, **와인, *베이컨, *차이브, *햄, *리크, *레몬, *마조람, *양파, *로즈마리, *셰리, *육수, *타라곤, *타임, *와인 식초",
버터너트 스쿼시,330,"**무염 버터, **치즈, **호박씨 기름, **양파, **후추, **세이지, **소금, **육수, *올스파이스, *시나몬, *코코넛밀크, *크림, *생강, *마늘, *레몬 주스, *라임 주스, *넛멕, *올리브 오일, *파슬리, *시금치, *타임  ",
버터밀크,88,,
버터스카치,88,,
벌거 밀(bulgur),87,,
베르쥐,361,"**과일, **샐러드, *생선, *소스, *갑각류",신 포도즙. 식초처럼 사용
베리류,81,"*초콜릿, *크렘 프레쉬, *후추, *사워크림, *설탕",
베이컨,54,"*달걀, *토마토, *양상추, *양파, *토마토, *식초",
베트남 음식,361,"*고수 잎, *피쉬 소스, *레몬그라스, *쌀",
병아리콩,119,"**마늘, **레몬, **올리브 오일, **양파, **소금, *당근, *카이옌 페퍼, *고수 잎, *고수 씨, *볶은 큐민, *생강, *훈제 파프리카, *파슬리, *후추, *로즈마리, *새우, *시금치, *타히니, *토마토, *식초, *요거트",
보드카,366,"**레몬 주스, **러시아 음식, *라임 주스, *오렌지 주스, *설탕 ",
보리,57,"*소고기, *버섯",
보이즌베리,85,,
복숭아,255,"***크림 및 아이스크림, **아몬드, **블루베리, **시나몬, **레몬, **오렌지, **피스타치오, **라즈베리, **딸기, **설탕, **바닐라, **와인, *올스파이스, *살구 퓨레, *블랙베리, *버번, *브랜디, *버터, *샴페인, *정향, *코냑, *쿠엥트로, *크렘 프레슈, *생강, *꿀, *키르쉬, *마스카포네, *민트, *천도복숭아, *넛멕, *자두, *포트 와인, *럼, *사워 크림, *식초, *호두, *요거트 ",
봄 음식,328,"*마늘, *녹색채소, *완두콩, *딸기 ",
"부케 가르니 ",84,프랑스 음식,
브라운 버터(beurre noisette),88,,
브라이닝 음식,85,,
브라질 음식,85,,
브레이징 요리,85,,
브로콜리,86,"**치즈, *무염 버터, *콜리플라워, *고추, *마늘, *레몬 주스, *머스터드 및 겨자씨",
브로콜리 레이브(rapini),87,"**마늘, **올리브 오일, *치즈, *고추, *오레가노, *오르키에떼 파스타",
브로콜리니,86,,
블랙 배스,59,"*마늘, *올리브 오일, *파슬리, *대파, 호박, 참치, 와인식초 ",
블랙 트러플,349,"*달걀, *프랑스 음식, *버섯, *감자",
블랙베리,82,"**크림 및 아이스크림, **레몬 주스, **설탕, *시나몬, *꿀, *민트, *복숭아, *라즈베리, 바닐라, *요거트",
블랙빈,63,"**고추, **고수 잎, **큐민, **마늘, **올리브 오일, **양파, **파슬리, **소금, **세이보리, **사워크림, **육수, *아보카도, *베이컨, *월계수 잎, *당근, *셀러리, *라임 주스, * 멕시코 음식, *후추, *대파, *타임, *토마토, *식초",
블러드 오렌지,244,,
블루베리,83,"**시나몬, **레몬, **메이플 시럽, **마스카포네, **복숭아, **설탕, *크림 및 아이스크림, *크림 치즈, *생강, *꿀, *라임, *넛멕, *라즈베리, *사워 크림, *딸기, *바닐라",
비트,77,"**무염 버터, **치즈, **레몬,  **디종 머스터드, **올리브 오일, **오렌지, **후추, **소금, **샬롯, **타라곤, **식초, **호두 및 호두 기름, *사과, *바질, *캐러웨이 씨, *처빌, *딜, *마늘, *꿀, *호스래디시, *민트,  *식용유, *양파, *파슬리, *피스타치오, *사워 크림, *설탕, *요거트",
빈코토 식초,366,"*부라타 치즈, *과일, *이탈리아 음식",vincotto : 레드 와인
"빈토 빈 ",67,"**파슬리, **소금, **세이보리, *고추, *고수 잎, *멕시코 음식, *양파",
사과,43,"***시나몬, **무염 버터, **칼바도스, **캐러멜, **크림 및 아이스크림, **레몬, **럼, **설탕, **호두, *살구, *브랜디, *치즈, *클로브, *코냑, *커스터드, *생강, *꿀, *키르슈(체리 리큐어), *마데이라, *넛멕, *피칸, *잣, *돼지고기, *호박, *건포도, 셰리, 고구마, *바닐라, *베르무트",
사과 식초,364,,
사보이 양배추,91,"*마늘, *땅콩 기름, *올리브 오일, *후추, *소금",
사슴 고기,360,"**주니퍼 베리, **배, **후추, **육수, **와인, *사과, *베이컨, *월계수 잎, *당근, *크랜베리, *마늘, *버섯, *식용유, *로즈마리, *샬롯, *타임",
사우어 크라우트,306,"**소시지, **주니퍼 베리, *사과, *베이컨, *월계수 잎, *캐러웨이씨, *마늘, *양파, *후추, *와인 ",
사워 크림,322,*구운 감자,
사천  후추(szechuan pepper),,,
사천 음식,341,"***사천 후추, **돼지고기",
사케,297,**일본 음식,
사프론,295,"***쌀, ***리조토, **부야베스, **생선, **갑각류, *카다멈, *닭, *시나몬, *쿠스쿠스, *펜넬, *마늘, *생강, *인도 음식, *마요네즈, *지중해 음식, *모로코 음식, *빠에야, *감자, *수프, *스페인 음식, *토마토",
살구,46,"***바닐라, **아몬드, **크림 및 아이스크림, **레몬, **설탕, 사과, *카다멈, *체리, *시나몬, *크랜베리, *커스터드, *생강, *키르슈, *오렌지, *후추, *피스타치오",
살구(말린),47,오렌지,
새싹,329,*샐러드,
새우,315,"***마늘, **고추, **게, **레몬, **식용유, **양파, **후추, **소금, **토마토, **와인, *피망, *버터, *당근, *카이옌 페퍼, *셀러리, *셀러리 뿌리, *차이브, *고수 잎, *시나몬, *조개, *크림, *커리, *생강, *라임, *민트, *버섯, *머스터드, *올드 베이 시즈닝, *오렌지, *올리브 오일, *파슬리, *로즈마리, *사프론, *대파, *참깨, *샬롯, *간장, *육수, *타임, *식초",
샐서피,303,"**레몬 주스, *버터, *파슬리, *후추, *프로슈토, *소금",
생강,170,"**아시아 음식, **중국 음식, **크림 및 아이스크림, **커리, **꿀, **생선, **일본 음식, **라임 주스, **대파, **간장, **설탕, **식초, *사과, *바질, *음료, *닭, *고추, *고수잎, *시나몬, *큐민, *마늘, *레몬, *레몬그라스, *민트, *당밀, *패션 프루트, *배, *다크 럼, *참기름, *갑각류, *새우, *수프, *강황 ",
생강 가루,171,"*제과 및 제빵, *당근, *디저트, *과일, *진저브레드, *레몬, *호박, *스쿼시, *스튜",
생선,163,"*레몬, *펜넬",
샤도네이,101,,
샬롯,313,"*버터, *마늘, *디종 머스터드, *올리브 오일, *샐러드, *타라곤, *타임, *와인 식초 ",
샴페인,101,"*캐비어, *딸기",
샴페인 식초,363,,
샹트렐(chanterelle) 버섯,226,"**육수, *무염 버터, *크림, *마늘, *땅콩 기름, *올리브 오일, *후추, *소금, *샬롯, *타임",이명 : 살구 버섯
서대(sole),321,"**버터, **차이브, **레몬, **파슬리, **후추, **소금, **샬롯, **타라곤, **드라이 화이트 와인, *카이옌 페퍼, *처빌, *마늘, *버섯, *식용유, *시금치, *육수, *토마토 ",
석류,271,"**샐러드, *카더멈, *닭, *시나몬, *디저트, *생강, *자몽, *양고기, *레몬 주스, *구운 고기, *중동 음식, *오렌지, *설탕",
"석류 당밀 ",271,"*양고기, *중동 음식",
세라노 햄,179,,
세이보리,307,"***콩, *소고기, *치즈, *닭, *달걀, *생선, *마늘, *양고기, *렌틸 콩, *육류, *지중해 음식, *버섯, *돼지고기, *감자, *로즈마리, *수프, *스터프, *타임, *토마토, *채소",
세이지,296,"***돼지고기, **파스타, **콩, **치즈, **닭, **양파, **스터프, *아스파라거스, *빵, *체리, *옥수수, *오리, *가지, *기름진 음식, *마늘, *생선, *거위, *간, *마조람, *육류, *버섯, *올리브 오일, *완두콩, *감자, *가금류, *프로슈토, *로즈마리, *소시지, *세이보리, *갑각류, *수프, *스쿼시, *스튜, *타임, *토마토, *칠면조, *송아지",
셀러리,99,"*버터, *블루 치즈, *육수",
셀러리 뿌리,100,"**레몬 주스, **마요네즈, **디종 머스터드, **감자, *사과, *커터, *케이퍼, *처빌, *크림, *마늘, 파슬리, *소금, *타라곤, *블랙 트러플, *식초",
셀러리 씨,101,"*수프, *채소",
셰리 식초,365,"*콩, *생선, *견과류 기름, *스페인 음식",
소 간,205,"**양파, *버섯, *식용유",
소 갈비(rib),71,,
소 갈비(short rib),71,"**마늘, **후추, **육수, **타임, **레드 와인, **식용유, **양파, *당근, *월계수 잎, *셀러리, *버섯, *파슬리, *감자, * 소금, * 발사믹식초,",
소 꼬리,70,"**양파, **레드 와인, *양파, *타임, *토마토, *화이트 와인",
소 등심(loin),70,*후추,
소 뽈살(cheek),70,"*셀러리 뿌리, *마늘, *호스래디시, *타임, *레드와인",
소 사태(shank),71,,
소 양지(brisket),69,"*바베큐 소스, *양배추, *마늘, *양파, *감자, *육수, *설탕, * 타임, *토마토, *식초",
소 췌장(sweetbread),338,"**베이컨, **후추, **식초, *케이퍼, *마늘, *레몬 주스, *올리브 오일, *파슬리, *샬롯, *설탕",
소고기,68,"**마늘, **양파, **후추, *정향, *고수 씨, *버섯, *카놀라유, *감자, *소금, *토마토",
소고기 스테이크,73,"**마늘, **후추, ** 레드 와인, *버터, *차이브, *버섯, *디종 머스터드, *식용유, *파슬리, *감자, *샬롯, *식초",
소금(고운),304,,
소금(굵은),304,,
소금(말돈),303,,
소금(바닐라),304,,
소금(일본),303,,
소금(트러플),304,,
소금(플뢰르 드 셀),303,,
소금(하와이안),303,,
소금(훈제),304,,
소렐,321,"**무염 버터, **치즈, **크림, **달걀, **생선, **수프, **시금치, **육수, *근대, *크렘 프레슈, *그린 렌틸, *모스터드, *양파, *파슬리, *후추, *감자, *샐러드, *연어, *소금, *레드 와인 식초 ",
소비뇽 블랑,307,,
소시지,306,"**양파, *사과, *디종 머스터드, *감자",
소프트 쉘 크랩,141,"**레몬 주스, **후추, **소금, *아몬드, *바질, *정제 버터, *무염 버터, *케이퍼, *차이브, *마늘, *양파, *타라곤, *타임, *토마토, *식초",
송아지,356,"**마늘, **레몬, **버섯, **식용유, **양파, **소금, **육수, **토마토, **드라이화이트 와인, *월계수 잎, *당근, *셀러리, *차이브, *크림, *파슬리, *샬롯",
송아지(가슴살),357,,breast
송아지(사태),359,"**화이트 와인, *마늘, *레몬 제스트, *파슬리, *양파, *육수, *토마토",shank
송아지(안심),359,,tenderloin
송아지(찹),357,"*마늘, *레몬 주스, *버섯, *올리브 오일",chop
송아지(허릿살),359,,loin
송어,349,"*아몬드, *브라운 버터 소스, *무염 버터, *레몬 주스, *식용유, *파슬리, *세이지, *와인",
송이 버섯,226,,
쇠비름(purslane),280,,
수막,335,"**구운 닭, **구운 생선, *아보카도, *비트, 양고기, *렌틸 콩 *구운 고기, *양파, *후추, *샐러드, *소금, *참깨, *타임, *토마토, *터키 음식, *채소, *요거트",
수박,369,"**페타 치즈, *레몬, *민트, *후추, *소금, *토마토, *식초",
순무,355,"*무염 버터, *크림, *감자, *소금, *타임",
순무 잎,175,,
스웨덴 순무(rutabagas),295,"*사과, *크림, *레몬 주스, *양파, *감자, *타임",
스웨덴 음식,338,**딜,"피해야 할 재료 : 마늘, 자극적인 재료"
스카치 위스키,311,"*비터스, *베르무트",
스칸디나비아 음식,311,*딜,
스타 아니스,42,"**중국음식, **오향, *베트남 음식, *초콜릿, *시나몬, *오리, *생선, *생강, *배, *돼지고기, *수프, *육수",팔각
스터핑,335,,
스파게티 스쿼시,331,,
스페인 음식,325,"*달걀, *올리브 오일, *돼지고기",
시금치,327,"***버터, **치즈, **크림, **마늘, **넛멕, **호두 기름, **후추, **소금, **참깨, **식초, *앤초비, *베이컨, *딜, *달걀, *레몬, *러비지, *표고 버섯, *디종 머스터드, *올리브 오일, *양파, *잣, *감자, *건포도, *샬롯, *소렐, *간장, *설탕, *호두",
시나몬,129,"**사과, **초콜릿, **커스터드, **디저트, *구운 음식, *바나나, *따뜻한 음료, *블루베리, *아침식사 및 브런치, *닭, *커피 및 에스프레소, *정향, *커리, *과일, *가람 마살라, *생강, *양고기, *레몬 주스, *멕시코음식, *중동 음식, *모로코 음식, *넛멕, *오렌지, *배, *피칸,  돼지고기, *쌀, *설탕, *차, *바닐라, *레드와인",
시소 잎,314,"*게, *생선, *일본 음식, *샐러드, *해산물, *스시 및 사시미",
신맛,323,"*레몬, *라임, *식초, *와인",
신선한 맛,166,*바질,
쌀,289,"**사프론, *버터, **코코넛 및 코코넛 밀크",
쌀 식초,365,"*아시아 음식, *일본 음식 *땅콩 기름, *참기름,",
쌀(바스마티),291,"*인도 음식, *양파, *사프론, *소금",
쌀(아르보리도 또는 카르나롤리),290,"*치즈, *버섯, *양파, *육수, *드라이 와인",리조토 쌀
쌀(와일드 라이스),291,"*버터, *식용유, *후추, *대파",
아귀(momkfish),222,"**마늘, **레몬, **육수, **와인, **식용유, *베이컨, *월계수 잎, *버터, *양배추, *당근, *차이브, *고수 씨, *펜넬, *펜넬 씨, *리크, *올리브 오일, *양파, *스위트 파프리카, *파슬리, *후추, *감자, *로즈마리, *사프론, *소금, *샬롯, *타임, *토마토",
아니스,41,"**생선, **스튜, *빵, *케이크, *중동 음식",
아니스 히솝,42,"**과일, *베리류, *블루베리, *라즈베리, *음료, *당근, *멜론, *복숭아, *샐러드, *차",
아루굴라,49,"*치즈, *엔다이브, *마늘, *레몬 주스, *올리브 오일, *라디치오, *샐러드, *토마토, *발사믹 식초","루꼴라, 로케트"
아마레토,40,,아몬드 리큐어
아몬드,39,"**다크 초콜릿, **크림, **꿀, **바닐라, *살구, *무화과, *커피, *코코넛, *카라멜, * 레몬, *올리브 오일, *오렌지, *소금, *설탕",
아몬드 오일,235,,
아보카도,54,"**라임, **식초, **양파, **소금, *고추, *고수, *엔다이브, *프리세, *자몽, *과카몰리, *레몬, *후추, *사워크림, 토마토, 비네그릿",
아보카도 오일,235,"*아보카도, *생선, *자몽, *레몬 주스, *라임 주스, *오렌지 주스, *샐러드 및 드레싱",
아스파라거스,50,"**무염 버터, **치즈, **달걀 및 달걀 요리, **레몬, **올리브 오일, **후추, **소금, *처빌, *헤비 크림, *딜, *올랜다이즈, *리크, *버섯, *디종 머스터드, *파슬리, *샬롯, *육수, *타라곤, *비네그릿, *와인 식초",
아이스 와인 식초,364,"**푸아그라, **테린, *베리류, *샐러드",
아치오테 씨,37,"*멕시코 음식, *돼지고기",열대지방 열매
아콘 스쿼시,329,"**세이지, *올스파이스, *브라운 버터, *치즈, *시나몬, *넛멕",
아티초크,47,"**마늘, **레몬, **민트, **올리브 오일, **양파, **파슬리, **후추, **소금, **타임, **토마토, **화이트 와인, *앤초비, *월계수 잎, *빵가루, *버터, *치즈",
아프간 음식,37,"*빵, *파스타, *쌀",
아프리카 음식,37,"*바나나, *치킨, *오크라, *땅콩, *스튜, *얌","에티오피아, 모로코 및 해안지방"
아프리카 음식(남부),38,,
아프리카 음식(북부),232,"*쿠스쿠스, *큐민",
아프리카 음식(북부),38,,
아프리카 음식(북부),38,,
안심 스테이크(필레미뇽),74,"*버터, *버섯, *후추, *샬롯, *육수",
안젤리카,41,"***루바브, *아몬드, *살구, *크림 및 아이스크림, *디저트, *생강, *라벤더, *오렌지, *자두, *딸기",
안창살 스테이크(skirt),75,*마늘,
앤초비,40,"**마늘, **올리브 오일, *케이퍼, *치즈, *달걀, *레몬, *마요네즈, *올리브, *파슬리, *파스타, *후추",
야생 동물,168,*정향,
"야생 코니쉬 닭 ",139,,
양고기,192,"***마늘, ***로즈마리, ***민트, **강낭콩, **흰 콩, **레몬, **디종 머스터드, **양파, **파슬리, *후추, **소금, **타임, **토마토, **와인, **식용유, *바질, *월계수 잎, *빵가루, *버터, *당근, *카다멈, *치즈, *시나몬, *고수 씨, *큐민, *커리 파우더, *펜넬, *펜넬 씨, 생강, *올리브 오일, *올리브, *오렌지, *오레가노, *감자, *쌀, *세이지, *육수, *설탕, *타라곤, *식초",
양귀비 씨,272,"**구운 음식, *무염 버터, *리코타 치즈, *인도 음식, *인도 음식, *레몬, *양파, *파스타, *감자, *샐러드, *터키 음식, *주키니",
양배추,89,"**캐러웨이 씨, **베이컨, **양파, **식초, 사과 및 사과주, *무염 버터, *당근, *크림, *마늘, *생강, *주니퍼 베리, *마요네즈, *디종 머스터드, *후추, *돼지고기, *감자, *쌀, *소금, *사워 크림, *설탕, *타임,",
양상추,202,"*견과류 오일, *올리브 오일, *후추, *소금",
양상추(로메인),204,"**치즈(파마산), **마늘, **식용유, **올리브 오일, **식초, *앤초비, *아보카도, *달걀 노른자, *레몬 주스, *디종 머스터드, *후추, *소금, *샬롯",
양상추(bibb),202,"*레몬, *오렌지, *샬롯"," 보스턴 레터스, 버터헤드 레터스"
양상추(bitter),203,"*치즈, *올리브 오일, *와인 식초","루꼴라, 에스카롤, 프리세, 라디치오"
양상추(mesclun),203,,"잎채소 믹스. 루꼴라, 로메인, 치커리, 엔다이브, 처빌, 등등,"
양송이 버섯,228,*치즈,
양파,240,"**무염 버터, **넛멕, **소금, **식용유, **타임, *베이컨, *월계수 잎, *바질, *빵가루 및 크루통, *치즈, *고추, *크림, *마늘, *육류, *후추, *로즈마리, *세이지, *수프, *육수, *설탕, *채소, *식초, *와인",
어린 새(squab),329,,
에스카롤,157,"*치즈, *마늘, *올리브 오일, *후추, *소금",네덜란드 꽃상추
에티오피아 음식,157,,
에파조테,156,"*검은콩, *멕시코 음식",멕시코 허브
엔다이브,155,"**치즈, **식용유, **올리브 오일, **와인 식초, **호두, *사과, *무염 버터, *차이브, *마늘, *레몬 주스, *마요네즈, *머스터드, *파슬리, *후추, *소금, *샬롯, *설탕, *타라곤, *비네그릿",
여름 스쿼시,331,"*바질, *치즈, *고추, *차이브, *마늘, *마조람, *올리브 오일 *양파, *오레가노, *파슬리, *세이지, *타임",
여름 음식,337,"**생선, *그린 빈, *체리, *옥수수, *오이, *가지, *멜론, *천도 복숭아, *복숭아, *자두, *여름 스쿼시, *토마토",
연근,208,,
연어,298,"**버터, **차이브, **크림, **마늘, **레몬, **렌틸 콩, **라임, **머스터드, **양파, **파슬리, *후추, **감자, **소금, **샬롯, **육수, **타임, **토마토, **식초, **와인, *아스파라거스, *베이컨, *월계수 잎, *바질, *콩, *당근, *처빌, *고추, *고수 씨, *크렘 프레슈, *오이, *딜, *페넬, *펜넬 씨, *생강, *호스래디시, *민트, *버섯, *겨자 씨, *넛멕, *오렌지, *파인애플, *대파, *참기름, *소렐, *설탕, *타바스코 소스, *타라곤, *물냉이, *연어알",피해야 할 재료 : 마요네즈
열대 과일,167,"**라임, **럼, *설탕, *바닐라",
염장 대구,134,"**카놀라유, *파슬리, *후추, *감자, *소금",
염장 연어,301,"*딜 *레몬, *라임, *후추, *소금",
영국 음식,157,,
"예루살렘 아티초크 ",49,"*버터, *크림, *마늘, *레몬, *넛멕, *식용유, *올리브 오일, *파슬리, *후추, *소",
오래 조리하는 음식,319,,
오레가노,245,"***레몬, ***토마토, **피망, **생선, **육류, **파스타, **피자, *바질, *콩, *소고기, *당걀, *가지, *마늘, *이탈리아 음식, *양고기, *마조람, *지중해 음식, *멕시코 음식, *버섯, *올리브, *돼지고기, *감자, *샐러드 및 드레싱, *채소, *주키니","피해야 할 재료 및 음식 : 고수 잎, 디저트, 딜, 민트, 타라곤"
오렌지,242,"**초콜릿, **레몬, **민트, **설탕, **양파, *아몬드, *아니스 씨, *아르마냑, *바나나, *바질, *브랜디, *고수 잎, *시나몬, *정향, *크랜베리, *크림 및 아이스크림, *디저트, *자몽, *꿀, *올리브 오일, *올리브, *오렌지 리큐어, *석류, *로즈마리, *바닐라, *와인 식초, *호두",
오리,149,"**사과, **체리, **마늘, **생강, **레몬 주스, **버섯, **식용유, **양파, **오렌지, **후추, **간장, **육수, **설탕, **순무, **식초, **드라이 레드 와인, *월계수 잎, *당근, *밤, *고수 잎, *정향, *무화과, *푸아그라, *해선장, *꿀, *올리브 오일, *파슬리, *복숭아, *대파, *샬롯, *버터너트 스쿼시, *팔각, *고구마, *타임, *토마토",
오리 콩피,151,,
오스트리아 음식,52,,
오이,144,"**딜, **마늘, **민트, **양파, **식초, *고추, *고수 잎, *레몬 주스, *파슬리, *후추, *연어, *소금, *설탕, *토마토",
오징어,332,"**마늘, **레몬 주스, **올리브 오일, **파슬리, **후추, **소금, **식초, *월계수 잎, *피망, *샬롯, *새우, *육수, *타임, *토마토, *드라이 화이트 와인",
오크라,238,"**레몬, **토마토, *피망, *고추, *옥수수 및 콘밀, *양파, *소금, *식초",
오트밀,234,"**설탕, *사과, *무염 버터, *시나몬, *메이플 시럽, *요거트",
오향,164,,
옥수수,137,"**바질, **피망, **무염 버터, **고추, **마늘, **버섯, **식용유, **올리브 오일, **양파, **후추, **소금, **육수, **크림, *베이컨, *카이옌 페퍼, *셀러리, *체다 치즈, *차이브, *고수 잎, *게, *딜, *라임 주스, *감자, *설탕 ,*타임, *토마토, *식초",
올리브,240,"**마늘, **레몬,  *아몬드, *앤초비, *바질, *케이퍼, *올리브 오일, *양파, *오렌지, *파슬리, *후추, *연어, *소금, *타임, *토마토, *참치, *와인 식초",
올리브 오일,238,*마늘,
올스파이스,38,"**자메이카 음식, **육류, **호박, *치킨, *생강, *카레, *과일",
와사비,368,"**일본 음식, *생선, *생강, *간장, *회 및 초밥",
완두콩,258,"**바질, **버터, **당근, **크림, **민트, *베이컨, *월계수 잎, *셀러리, *처빌, *차이브, *크렘 프레슈, *마늘 *햄 및 족발, *리크, *레몬, *양상추, *땅콩 기름, *양파, *파슬리, *파스타, *후추, *프로슈토, *소금, *대파, *샬롯, *육수, *타라곤, *타임",
완숙 달걀,155,"*차이브, *마요네즈, *디종 머스터드",
요거트,374,"**오이, **레몬, *병아리콩, *민트, *양파, *오렌지, *바닐라",
우둔(round),71,,
"월계수 잎 ",62,"**수프, **스튜, **육수, *콩, *생선, *육류, *파슬리, *감자, *쌀, *타임, *토마토",
위스키,371,,
유자,372,"**식용유, *생선, *일본 음식, *미림, 올리브 오일, *오렌지 주스, *대파, *해산물, *새우, *간장",
은대구(black cod),134,,
이란 음식,186,"*쌀, *스튜",
이베리코 햄,179,,
이스라엘 쿠스쿠스,139,,
이탈리아 음식,186,"*바질, *치즈, *마늘, *올리브 오일, *오레가노, *파스타, *토마토",
이탈리아 음식(남부),186,"*피망, *가지, *마늘, *올리브 오일, *오레가노, *파스타, *피자, *토마토",
이탈리아 음식(북부),186,"*바질, *콩, *크림 및 크림 소스, *레몬 주스, *폴렌타, *살 및리조토, *와인 식초 ",
"인도 음식 ",185,"**커리, **향신료, **토마토, *카다멈, *고추, *고수 씨, *큐민, *마늘, *생강, *강황, *채소",
인도네시아 음식,185,"*코코넛, *쌀",
일본 음식,188,"***간장, *생강, *쌀, *참깨 및 참기름",
자두,269,"**시나몬, **레몬, **설탕, **바닐라, **오렌지, *올스파이스, *자두 브랜디, *무염 버터, *카더멈, *정향, *크림 및 아이스크림, *생강, *꿀, *천도 복숭아, *넛멕, *라즈베리, *식초, *호두, *드라이 레드 와인",
자몽,172,"**설탕, *샴페인, *아보카도, *캄파리(리큐어), *게, *생강, *꿀, *민트, *라임, *레몬, *석류",
잣,267,"**페스토, *치즈, *이탈리아 음식",
장미,292,,
적채,90,"**설탕, **식초, *월계수 잎, *밤, 신맛(tart) 과일, *레몬 주스, *라임 주스, *양파, *후추, *소금 ",
정어리,306,"**올리브 오일, *빵가루, *펜넬, *펜넬 씨, *마늘, *레몬, *양파, *파슬리, *파스타, *후추, *노란 건포도, *타임, *토마토, *식초",
정향,131,"*사과, *초콜릿, *시나몬, *가람 마살라, *생강, *구운 햄, *레몬, *오렌지, *돼지고괴, *레드와인",
조개,130,"**베이컨, **무염 버터, **마늘, **올리브오일, **파슬리, **후추, **토마토, **타임, **감자, **드라이 화이트 와인,  *고추, *바질, *월계수 잎, *셀러리, *크림, *레몬 주스, *양파, *굴, 소금, *샬롯, *육수 ",
주니퍼 베리,189,"**야생동물, **사슴고기, *레드와인 *소고기, *양배추, *오리, *야생 조류, *양고기, *파테, *돼지고기",
주키니,373,"**바질, **치즈, **가지, **마늘, **식용유, **올리브오일, **파슬리, **후추, **소금, **타임, **토마토, *피망, *버터, *고추, *레몬, *마조람, *피칸, *식초",
주키니 꽃,374,"*치즈, *올리브 오일, *후추, *새우, *토마토",
줄무늬 농어,61,"**식용유, **후추, **소금, **식초, *버터, *마늘, *양파, *파슬리, *감자, *대파, *샬롯, *타임, *토마토, *와인",
중국 음식,122,"**쌀, **간장",
중동 음식,218,"*레몬, *수막",
지중해 음식,216,"*바질, *올리브오일, *세이지 ",
진,169,"**허브, **토닉, *오렌지 주스",
짠맛,304,,
차이브,123,"**치즈, **달걀 및 달걀요리 그리고 오믈렛, **감자, **수프, *파슬리, *돼지고기, *샐러드 및 드레싱, *치즈 소스, *크림 소스, *사워 크림, *타라곤, *채소",
참기름,237,"*마늘, *생강, *마리네이드, *오렌지, *샐러드 및 드레싱, *참깨, *간장, *식초",
참깨,313,"**구운 음식, **샐러드, *빵 및 과자, *닭, *생선, *중동 음식, *꿀, *면, *시금치, *타히니 페이스트 ",
참바리(grouper),176,"*버터, *마늘, *레몬 주스, *식요융, *참기름, *올리브 오일, *파슬리, *후추, *참깨, *육수, *타라곤, *타임, *토마토, *와인",농어과 물고기
참치,350,"**고추, **차이브, **고수 잎, **마늘, **생강, **레몬, **라임, **식용유, *양파, **파슬리, **후추, **소금, **대파, **참기름 및 참깨, **간장, **타임, **토마토, **식초, *앤초비, *아보카도, *바질, *콩, *피망, *무염 버터, *고수 씨, *오이, *올리브 오일, *올리브, *라디치오, *무, *와사비",
채소 요리,359,,
처빌,113,"*아스파라거스, *당근, *차이브, *달걀, *생선, *파슬리, *완두콩, *샐러드, *조개, *크림 수프, *타라곤, *토마토",
천도 복숭아,232,"**설탕, **와인, *아몬드, *블루베리, *크림 및 아이스크림, *생강, *레몬, *자두, *라즈베리, *바닐라",이명 : 승도 복숭아
청경채,84,"*생강, *쌀, *참기름 *간장,",
체리,111,"***키르슈, **아몬드, **초콜릿, **크림 및 아이스크림, **레몬, **설탕, **바닐라, **드라이 레드 와인, *살구, *아르마냑, *브랜디, *카라멜, *치즈, *시나몬, *코코넛, *코냑, *크렘 프레슈, *커스터드, *그랑 마니에르(코냑 오렌지 리큐르), *식초",
초리소,128,스페인 음식,"피해야 할 재료 : 섬세한 맛의 생선, 기름진 생선"
초콜릿,123,"***에스프레소, **아몬드, **바나나, **카라멜, **시나몬, **크림, **디저트, **헤이즐넛, **우유, **민트, **견과류, **라즈베리, **럽, *설탕, **바닐라, *무염 버터, *체리, *야생 토끼, *야생 사슴, *야생 조류, *생강, *멕시코 음식 ",
추울 때 먹는 음식,368,,
추울 때 먹는 음식,136,,
치마살 스테이크(flank),74,"*고추, *큐민, *마늘, *오레가노, *살사, *간장",
치즈,102,,
치즈(가로차),105,,
치즈(고다),107,*사과,
치즈(고르곤졸라),107,"**배, **호두, *사과, *체리, *밤 꿀",
치즈(그뤼에르),107,"*사과, *마늘",
치즈(꽁떼),104,,
치즈(로크포르),110,"*배, *호두",
치즈(르블로숑),109,,
치즈(리코타),109,"**꿀, *블루베리, *모짜렐라 치즈, *파마산 치즈, *레몬, *올리브 오일, *파슬리, *후추, *라즈베리, *소금, *설탕, *호두",
치즈(마온),107,,
치즈(만체고),107,"***모과 페이스트, **아몬드, *앤초비, *빵, *세라노 햄, *올리브",
치즈(모짜렐라),108,"***토마토, **바질, *마늘, *올리브오일, *올리브, *후추, *프로슈토, *소금 ",
치즈(몬터레이 잭),108,,
치즈(뮌스터),109,*포도,
치즈(바슈랭),111,,
치즈(발데온),111,,
치즈(버몬트 셰퍼드),111,,
치즈(부라타),103,,
치즈(브리),103,,
치즈(블루),103,"**꿀, **배, *사과, *셀러리, *호두 빵",
치즈(스위스),111,,
치즈(스틸턴),111,"*포트 와인, *호두",
치즈(아시아고),102,,
치즈(아제이탕),103,,
치즈(양젖),110,"*아몬드, *올리브 오일, *올리브",
치즈(에멘탈),104,,
치즈(에쁘아스),104,,
치즈(엑스플로라뙤르),104,,
치즈(염소젖 생치즈),105,"**레몬 주스, *아몬드, *바질, *빵, *체리, *차이브, *크림, *펜넬, *펜넬 씨, *무화과, *마늘, *꿀, *민트, *올리브 오일, *올리브, *오렌지, *후추, *딸기, *발사믹 식초, *호두",
치즈(염소젖),105,,
치즈(오하산타),107,,
치즈(우유),104,,
치즈(잭),107,,
치즈(체다),104,"**사과, *빵, *사과주",
치즈(카망베르),103,,
치즈(카브랄레스),103,"*무화과, *적포도",
치즈(콜비),104,,
치즈(탈레지오),111,,
치즈(트리플 크렘),111,,
치즈(파마산),109,"**이탈리아 음식, **파스타, *대추야자, *무화과, *올리브오일, *배, *프로슈토, *리조토, *발사믹 식초, *호두 ",
치즈(페코리노),109,"*꿀, *배, *프로슈토, *발사믹 식초",
치즈(페타),104,"*빵, *민트, *올리브",
치즈(폰티나),105,,
치즈(프로마쥬 블랑),105,,
치즈(프로볼로네),109,*무화과,
치즈(피아브),109,,
치커리,119,"*치즈, *프로슈토",
칠레 음식,122,,
칠면조,353,"*밤, *크랜베리, *마늘, *버섯, *식용유, *양파, *후추, *감자, *세이지, *소금, *스터프",
카넬리니 콩,64,"**파슬리, **세이보리, *당근, *양파, *소금",
카놀라유,236,,피해야 할 조리법 : 튀김
카다멈,93,"*닭, *시나몬, *커피, *고수씨, *커리, *대추야자, *디저트, *생강, *인도음식, *양고기, *오렌지, *쌀, *차 ",
카라멜,92,"**사과, **크림 및 아이스크림, **바닐라, *초콜릿, *패션 프루트",
카리브해 음식,93,,
카이옌 페퍼,99,"*피망 및 파프리카, *케이준 음식 *생선, *토마토,","피해야 할 재료 : 캐비어, 트러플, 섬세한 맛"
카트르 에피스,283,,
칸탈루프,92,*라즈베리,
칼바도스,91,*사과,
캐나다 음식,92,*메이플 시럽,
캐러웨이 씨,93,"**빵, *치즈, *독일 음식, *돼지고기, *감자, *사워크라우트 ",
캐모마일,101,,
캐비어,99,"*보드카, *샴페인, *식빵, *블리니(blini. 러시아 팬케이크) ",
캐슈넛,97,"*닭, *설탕",
커리 리프,145,"*커리, *생선, *인도음식, *렌틸 콩, *갑각류, *채소",
커리 파우더 및 커리 소스,145,"*생강, *인도 음식, *채소",
커스터드,146,"*카라멜, *생강",
커피 및 에스프레소,135,"**초콜릿, **코코아, **크림, **견과류, **설탕, **바닐라, *아몬드, *음료, *브랜디, *카라멜, *시나몬, *커스터드, *헤이즐넛, *바닐라 아이스크림, *레몬, *우유",피해야 할 재료 : 라벤더
케이준 음식,91,"*카이옌 페퍼, *해산물",
케이퍼,92,"*생선, *레몬 주스, *토마토",
케일,281,"**식용유, **타임, **식초, *베이컨, *월계수 잎, *브랜디, *마늘, *레몬 주스, *버섯, *디종 머스터드, *올리브 오일, *양파, *판체타, *파슬리, *후추, *잣, *로즈마리, *소금, *소시지, *육수, *와인",
케일,190,"**마늘, **식용유, *올리브 오일, *양파, *레드 페퍼, *소금, *닭육수, *타임",
코냑,135,"*사과, *프룬",
"코코넛 및 코코넛 밀크 ",132,"**크림 및 아이스크림, **설탕, **바닐라, *아몬드, *바나나, *닭, *초콜릿, *고수 잎, *크렘 프레슈, *커리, *커스터드, *디저트, *생선, *꿀, *라임 주스, *리치, *망고, *민트, *패션 프루트, *후추, *파인애플, *쌀, *다크 럼, *샐러드, *참깨, *갑각류",
콜라드 그린,174,"*베이컨, *양파, *소금, *염장 돼지고기",
콜라비,190,"*무염 버터, *치즈, *크림, *딜, *머스터드, *겨자 씨, *감자, *소금, *간장",
콜리플라워,97,"**치즈, ** 크림 및 우유, **마늘, **식용유, **양파, **후추, **소금, *앤초비, *빵가루, *버터, *칠리 소스, *커리파우더, *딜, *레몬, *민트, *감자, *소스 ",
콩,63,"***세이보리, **파슬리, *레몬",
쿠바 음식,143,,
쿠스쿠스,139,"*고수 잎, *큐민, *레몬, *민트, *올리브 오일, *육수, *토마토",
큐민,144,"**렌티 콩, **멕시코 음식, *콩, *병아리콩 *고수 씨, *쿠스쿠스, *커리, *가지, *마늘, *인도 음식, *양고기, *모로코 음식, *돼지고기, *감자, *소시지, *쌀, *토마토",
크랜베리,142,"**레몬, **오렌지, **설탕, *사과, *시나몬, *정향, *생강, *꿀, *메이플 시럽, *바닐라, *호두",
크레올(크리올) 음식,143,,
크레이 피쉬,142,"*마늘, *포도씨유, *올리브오일, *파슬리, *타라곤, *타임, *드라이 화이트 와인 ",
크렘 프레슈,143,,
크리스마스,128,,
크림 치즈,143,"**레몬, *염소젖 생치즈, *리코타 치즈, *블루베리, *넛멕, *사워 크림, *바닐라",
키위,190,"*코코넛, *꿀, *레몬, *라임, *오렌지, *파파야, *딸기",
타라곤,343,"***닭, **달걀, **생선, **레몬 주스, **파슬리, **베어네이즈 소스, **갑각류, **토마토, **와인 식초, *산성 음식 및 신 음식, *비트, *당근, *치즈, *처빌, *차이브, *펜넬 구근, *프랑스 음식, *자몽, *라임, *랍스터, *멜론, *버섯, *머스터드, *감자, *가금류, *시금치","피해야 할 재료 및 음식 : 바질, 디저트, 오레가노, 로즈마리, 세이지, 세이보리, 단 음식"
타라곤 식초,365,,
타마린,342,"**인도 음식, *닭, *고추, *고춧가루, *처트니, *코코넛및 코코넛 밀크, *큐민, *커리, *생선, *피쉬 소스, *생강, *렌틸 콩, *라임, *중동 음식, *머스터드, *돼지고기, *쌀, *팔각, *설탕, *태국 음식, *강황, *요거트 ",
타임,344,"**월계수 잎, **치즈, **치킨, *생선 *육류, **버섯, **양파, **감자, **로즈마리, **세이보리, **수프, **스튜, **토마토, *그린빈, *부케 가르니, *당근, *차이브, *옥수수, *가지, *양고기, *레몬, *러비지, *마조람, *중동 음식, *오레가노, *파슬리, *돼지고기, *소스, *겨울 채소",
태국 음식,344,"**고추, *고수 잎, *코코넛, *커리, *피쉬 소스, *마늘, *레몬그라스, *땅콩, *강황",
테킬라,344,"**라임 주스, **멕시코 음식 , *레몬 주스, *오렌지주스, *소금 ",
토끼고기,283,"**베이컨, **마늘, **머스터드, **식용유, **후추, **양파, **육수, **식초, **드라이 와인, *아티초크, *무염 버터, *양배추, *당근, *처빌, *크림, *버섯, *올리브 오일, *파슬리, *파스타, *오레가노, *프룬, *로즈마리, *세이지, *샬롯",
토마토,346,"***바질, **피망, **치즈, **마늘, **올리브 오일, **양파, **후추, **소금, **타임, **식초, *루꼴라, *월계수 잎, *고추, *차이브, *고수 잎, *오이, *펜넬, *마조람, *민트, *파슬리, *피자, *샐러드, *소스, *샬롯, *육수, *설탕, *수박",
토마티요,346,"*고수 잎, *멕시코 음식, *토마토",
토시살 스테이크(hanger),75,,
트러플 오일,237,,
파(ramp),287,"*치즈, *생선, *파스타, *감자","야생 리크, 리크, 양파, 대파 "
파바 빈,,"**치즈, **호두 기름, **올리브 오일, **파슬리, **세이보리, *바질, *버터, *오리, *생선, *마늘, *양고기, *레몬 주스, *지중해 음식, *중동 음식, *민트, *양파, *로즈마리, *소금",
파스닙,249,"**버터, **넛멕, *사과, *당근, *차이브, *크림, *마늘, *생강, *메이플 시럽, *올리브 오일, *파슬리, *후추, *감자, *세이지, *소금., *설탕, *타임, *뿌리 채소",
파스타,250,"**치즈, **이탈리아 음식 **올리브 오일, **소스, *버터, *크림, *염장 돼지고기(햄 및 베이컨류), *마늘, *버섯, *파슬리, *토마토, *트러플",
파슬리,248,"**생선, **마늘, **수프, *당근, *닭, *조개, *달걀, *가지, *레몬, *중동 음식, *민트, *모로코 음식, *올리브 오일, *파스타, *돼지고기, *감자, *샐러드, *스튜, *육수, *토마토, *송아지, *채소",피해야 할 음식 : 디저트
파인애플,265,"**바나나, **코코넛, **라임, **망고, **럼, **설탕, **바닐라, *브랜디, *버터, *고추, *고수 잎, *시나몬, *코냑, *쿠엥트로, *크림 및 아이스크림, *생강, *그랑 마르니에 리큐어, *꿀, *키르슈, *레몬, *오렌지, *후추, *라즈베리, *팔각, *딸기",
파파야,246,"**라임, *바나나, *고추, *키위, *오렌지, *패션 프루트, *망고, *파인애플, *설탕",
파프리카,247,"**닭, *소고기, *달걀, *생선, *헝가리 음식, *돼지고기, *스페인 음식, *스튜",
팜슈가,335,,
패션 프루트,250,"**크림 및 아이스크림, **설탕, *바나나, *카라멜, *샴페인, *초콜릿, *코코넛 및코코넛 밀크, *생강, *키위, *라임주스, *망고, *오렌지, *파파야, *파인애플, *딸기 ",
페퍼 민드,221,"**디저트, *음료, *초콜릿, *크림 및 아이스크림, *차",피해야 할 음식 : 짠 음식
펜넬,157,"**무염 버터, **치즈, **생선, **레몬, **카놀라유, **오렌지 주스, **후추, *아몬드, *사과, *월계수 잎, *비트, *닭, *펜넬 씨, *마늘, *지중해 음식, *올리브 오일, *올리브, *파슬리, *페르노(퍼노드) 리큐어, *감자, *갑각류, *수프, *육수, *타임, *토마토",
펜넬 꽃가루,159,,
펜넬 씨(회향),159,"***소시지, **생선, *돼지고기, *갑각류",
포도,173,"**치즈, *레몬, *아몬드, *소금, *설탕, *호두",
포도씨유,236,,
"포르치니 버섯 ",227,"**포르치니 오일, **올리브오일, *치즈, *크림, *달걀, *마늘, *레몬 주스, *양파, *파슬리, *파스타, *후추, *소금, *샬롯, *발사믹 식초",
포르치니 오일,237,,
포르투갈 음식,276,*포트 와인,
포멜로,271,"*생선, *샐러드",
폰즈 소스,272,*일본 음식,
폴렌타,270,"**치즈, *버터, *차이브, *크림, *마늘, *이탈리아 음식, *마스카포네, *버섯, *트러플 오일, *호두 기름, *올리브 오일, *후추, *돼지고기, *로즈마리, *소금, *소시지, *육수, *타임, *트러플",거친 콘 밀
표고 버섯,228,"**마늘, **식용유, **양파, *베이컨, *바질, *브랜디, *버터, *달걀, *일본 음식, *올리브오일, *로즈마리, *세이지, *시금치, *육수, *발사믹 식초",
푸아그라,164,"**사과, *아르마냑, *체리, *코냑, *무화과, *포도, *복숭아, *배, *후추, *소테른 와인, *닭 육수, *설탕, *트러플, *식초",
"프랑스 음식 ",165,"**크림, **소스, **육수, **와인, *치즈, *달걀, *허브",
프랑스 음식(남부),166,**올리브 오일,
프랑스 음식(북부),165,"**버터, **크림",
프로슈토,278,"***멜론, **무화과, *바질, *치즈, *이탈리아 음식, *레몬 주스, *라임 주스, *머스터드, *올리브 오일, *세이지",
프리세,166,"**치즈, *베이컨(라돈), *마늘, *식용유, *올리브 오일, *오렌지 주스, *후추, *소금, *와인 식초",
플랜틴(숙),268,*버터,
플랜틴(풋),268,"*후추, *소금",
피노 누아,267,"*오리, *연어, *참치",
"피망, 파프리카(bell pepper)",80,"**바질, **치즈, **마늘, **카놀라유, **올리브오일, **양파, **타임, **토마토, **식초, *고추, *레몬 주스, *오레가노, *파슬리, *후추, *감자, *쌀, *소금, *주키니",
피쉬 소스,164,"*동남아 음식, *태국 음식, *베트남 음식",
피스타치오,267,"**복숭아, *살구, *치즈, *닭, *초콜릿, *꿀, *레몬",피해야 할 재료 : 딸기
피스타치오 오일,236,,
피칸 오일,260,"**카라멜, **메이플 시럽, **바나나, **설탕 *버번, *버터, *초콜릿, *시나몬, *크림, *꿀, *소금, *바닐라",
피칸 오일,236,,
피퀴요(piquillo) 고추,263,"**올리브 오일, **치즈, *생선, *마늘, *버섯, *양파, *소금",스페인 고추
핑크 페퍼콘,261,"*돼지고기, *드레싱, *소스, *해산물",
한국 음식,191,*간장,
해산물,311,"**레몬 주스, *마늘, *파슬리, *소금",
햄,178,"**치즈, *꿀, *디종 머스터드, *파슬리, *감자, *간장, *설탕 *타임, *와인,",
허니듀 멜론,183,"*레몬 주스, *민트",
허브 드 프로방스,180,프랑스 남부 음식,
헝가리 음식,184,"**양파, **파프리카, **사워 크림, *라드",
헤이즐넛,179,"**초콜릿, **바닐라, *아몬드, *치즈, *에스프레소, *크림 및아이스크림, *무화과, *헤이즐넛 오일, *꿀, *아몬드 리큐어, *오렌지, *호박, *설탕 ",
헤이즐넛 오일,236,"*헤이즐넛, *샐러드 및 드레싱, *식초",
호두,366,"**사과, **엔다이브, **꿀, **배, **프룬, **설탕, *바나나, *무염 버터, *카라멜, *치즈, *초콜릿, *과자, *크림, *말린 무화과, *메이플 시럽, *오렌지, *모과, *바닐ㄹ, *호두 기름",
호두 기름,238,"**샐러드 및 드레싱, *비트, *와인 식초, *호두",
호로파,160,"**커리, *카다멈, *닭, *마늘, *인도 음식, *양고기, *메이플 시럽, *감자, *쌀",
호박(pumpkin),5,"**버터, **치즈, **시나몬, **정향, **크림, **생강, **넛멕, **세이지, **설탕, *올스파이스, *월계수 잎, *크랜베리, *크림 치즈, *마늘, *레몬 주스, *식용유, *참기름, *올리브 오일, *양파, *오렌지, *후추, *호박씨, 호박씨 기름, *건포도, *다크 럼 *소금, *타임, *바닐라",
"호박씨 ",281,,
호박씨 기름,237,,
호스래디시,183,"**소고기, **크림, *골든 딜리셔스 사과, *비트, *차이브, *크렘 프레슈, *딜, *훈제한 기름진 생선, *레몬 주스, *마요네즈, *육류, *머스터드, *굴, *돼지고기, *감자, *소금, *소시지, *사워 크림, *설탕, *타바스코 소스, *토마토, *식초, *요거트",
호주 음식,52,,
홍고추,262,,
홍합,229,"**조개, **크림, **마늘, **레몬, **올리브 오일, **양파, **파슬리, **후추, **사프론, **소금, **샬롯, **타임, **토마토, **드라이화이트 와인, *바질, *월계수 잎, *버터, *카이옌 페퍼, *차이브, *커리 파우더, *펜넬, *머스터드, *오렌지, *퍼노드 리큐어, *로즈마리, *육수, *타라곤, *식초",
화이트 아스파라거스,51,"*버섯, *트러플 오일",
"화이트 와인 식초 ",366,,
화이트 초콜릿,127,"***라즈베리, **베리류, *다크 초콜릿, *크림, *레몬, *민트, *오렌지, *바닐라",
화이트 트러플,350,"*달걀, *이탈리아 음식, *파스타, *리조토",
황새치(swordfish),340,"**식용유, *커런트, *마늘, *레몬, *라임, *오리브 오일, *블랙 올리브, *파슬리, *후추, *잣, *육수, *토마토, *드라이 화이트 와인",
훈제,319,,
훈제 송어,349,"*카이옌 페퍼, *홍피망, *크림, *크렘 프레슈, *딜, *올스래디시, *레몬 주스, *올리브 오일, *후추, *사워 크림",
훈제 연어,301,"**차이브, **크림 치즈, **딜, **레몬, **후추, *블리니(밀전병), *빵, *버터, *캐비어, *처빌, *크림, *클메 프레슈, *오이, *달걀, *마늘, *리크, *올리브 오일, *감자, *소금, *샬롯, *사워 크림, *비네그릿, *식초",피해야 할 재료 : 마요네즈
훈제 파프리카,247,"*콩, *병아리콩, *초리소, *생선, *마늘, *돼지고기, *감자",
흑임자,313,"*아시아 음식, *바나나, *중국 음식, *일본 음식",
흑후추,261,"**소고기, **소금, **스테이크, *달걀, *야생 동물, *레몬 주스, *라임 주스, *육류, *딸기",
히솝,184,"*샐러드, *수프",
히카마(jicama),188,"***고추, ***라임, *아모카도, *고춧가루, *고수 잎, *오이, *생강, *자몽, *오렌지, *멕시코 음식, *소금",멕시코를 비롯한 남미에서 먹는 뿌리채소
,,,